equipe,journee,adversaire,possession,occupation,victoire
Stade Toulousain,1,ASM Clermont,0.53,0.56,1
Stade Rochelais,1,Union Bordeaux-Bègles,0.58,0.6,0
Union Bordeaux-Bègles,1,Stade Rochelais,0.42,0.4,1
US Montauban,1,Stade Français Paris,0.58,0.49,0
Stade Toulousain,2,USA Perpignan,0.69,0.67,1
Stade Rochelais,2,ASM Clermont,0.48,0.66,1
Union Bordeaux-Bègles,2,Racing 92,0.6,0.52,0
US Montauban,2,LOU Rugby,0.63,0.64,0
Stade Toulousain,3,Montpellier,0.55,0.48,0
Stade Rochelais,3,RC Toulon,0.49,0.54,0
Union Bordeaux-Bègles,3,US Montauban,0.46,0.45,1
US Montauban,3,Union Bordeaux-Bègles,0.54,0.55,0
Stade Toulousain,4,Castre Olympique,0.65,0.58,1
Stade Rochelais,4,USA Perpignan,0.64,0.68,1
Union Bordeaux-Bègles,4,Stade Français Paris,0.52,0.55,0
US Montauban,4,Montpellier,0.4,0.49,0
Stade Toulousain,5,Aviron Bayonnais,0.53,0.44,0
Stade Rochelais,5,Montpellier,0.51,0.48,0
Union Bordeaux-Bègles,5,LOU Rugby,0.6,0.7,1
US Montauban,5,ASM Clermont,0.42,0.42,0
Stade Toulousain,6,Union Bordeaux-Bègles,0.47,0.55,1
Stade Rochelais,6,Stade Français Paris,0.49,0.47,0
Union Bordeaux-Bègles,6,Stade Toulousain,0.53,0.45,0
US Montauban,6,Castre Olympique,0.38,0.42,0
Stade Toulousain,7,Section Paloise,0.52,0.47,0
Stade Rochelais,7,US Montauban,0.5,0.54,1
Union Bordeaux-Bègles,7,USA Perpignan,0.44,0.53,1
US Montauban,7,Stade Rochelais,0.5,0.46,0
Stade Toulousain,8,RC Toulon,0.63,0.5,1
Stade Rochelais,8,LOU Rugby,0.57,0.61,1
Union Bordeaux-Bègles,8,Aviron Bayonnais,0.47,0.63,1
US Montauban,8,USA Perpignan,0.52,0.53,1
Stade Toulousain,9,Stade Français Paris,0.68,0.7,1
Stade Rochelais,9,Racing 92,0.56,0.62,1
Union Bordeaux-Bègles,9,Castre Olympique,0.48,0.42,1
US Montauban,9,Aviron Bayonnais,0.51,0.46,0
